{
  "val_mae": 46300.77701575192,
  "val_r2": 0.15565675497055054,
  "test_mae": 48512.142852738034,
  "test_r2": 0.12369829416275024
}