{
  "test_mae": 48512.142852738034,
  "coverage_90": 0.714456039811825,
  "avg_width": 159740.08513835198
}