Complexity,Loss,Equation
1,0.23709486,"11.808966"
4,0.19999659,"sin(x40) + 11.527889"
5,0.19062008,"(x40 * 0.21663667) + 11.809188"
7,0.17297964,"((x40 + x0) * 0.16794239) + 11.809188"
8,0.17297523,"11.809188 + ((x40 + x0) * sin(0.16794239))"
9,0.16553727,"11.851397 + (0.21895416 * (x40 + (x64 * x104)))"
11,0.16541326,"(11.851397 + ((x40 + (x64 * x104)) * 0.21895416)) - 0.0076816357"
12,0.1557085,"(((x40 + (x64 * x104)) - sin(x141)) * 0.23180775) + 11.786205"
14,0.15360105,"(((x40 + (x64 * x104)) - sin(x141 + x63)) * 0.23180775) + 11.786205"
