{
  "gkf_mae_mean": 45727.82685592912,
  "gkf_mae_std": 3636.2249063038753,
  "gkf_r2_mean": 0.14001582860946654,
  "gkf_r2_std": 0.047364408540564125
}