Complexity,Loss,Equation
1,0.23709485,"11.808963"
4,0.20094348,"cos(x94) + 11.285163"
5,0.19095431,"(x40 * 0.21152334) + 11.791168"
7,0.1819706,"((x141 - x25) / -6.2927647) - -11.791233"
9,0.16920269,"(((x141 - x40) - x0) / -7.8226547) - -11.764553"
11,0.16743118,"((((x141 - x40) - x0) / -7.8226547) - -11.764553) - -0.030107442"
12,0.16345212,"((cos(x34) + ((x141 - x40) - x0)) / -7.6816964) - -11.91008"
15,0.15870018,"(((x104 + (x88 * ((4.2495575 / x46) + -12.468241))) + x141) / -9.337795) - -11.911217"
19,0.15794091,"((((x104 + ((((-1.9544286 / x46) * -2.1743224) + -12.468241) * x88)) + x141) / -9.337795) - -11.911217) - 0.03407663"
