Complexity,Loss,Equation
1,0.23709682,"11.810425"
2,0.23709486,"exp(2.468872)"
4,0.23452713,"sin(x42) + 11.862241"
5,0.21057785,"(-0.12977824 * x45) + 11.862241"
