Complexity,Loss,Equation
1,0.23709509,"11.809497"
4,0.19999616,"sin(x40) + 11.526009"
5,0.190622,"11.810488 + (x40 * 0.21654022)"
7,0.17321289,"((x0 + x40) * 0.17645058) + 11.810488"
9,0.16486067,"(-0.14117041 * (x141 - (x94 + x25))) + 11.810488"
12,0.16116063,"11.688343 + (-0.13428862 * ((x141 - (x94 + x25)) - cos(x104)))"
14,0.16099182,"(11.688343 + (-0.13428862 * ((x141 - (x94 + x25)) - cos(x104)))) - -0.011946743"
15,0.15876181,"((x33 - (((x40 + x0) - (x141 - x40)) + 1.4629321)) * -0.09952725) + 11.664091"
24,0.1567519,"((x33 - (-0.83752763 * (x141 + (-2.087401 - (((x70 + x25) - (x32 - x40)) - (-0.8279793 * log(0.22591634))))))) * -0.12487126) + 11.688343"
